k	alpha	distribution	manager	thresholds	entropy	time
12	0.25	f	m	[f:6,]	1.97603	317.792
12	0.5	f	m	[f:6,]	1.97626	297.333
12	1.0	f	c:1000	[f:6,]	1.86627	507.064
12	1.0	f	c:100	[f:6,]	1.86233	501.48
12	1.0	f	c:10	[f:6,]	1.86738	561.659
12	1.0	f	m	[f:6,]	1.86538	771.466
12	1.0	f	n	[f:6,]	1.86829	596.317
12	1.0	f	o	[f:6,]	1.86847	581.959
12	1.0	u	m	[f:6,]	1.88618	674.502
12	2.0	f	m	[f:6,]	1.86766	424.611
12	4.0	f	m	[f:6,]	1.88524	477.182
12	8.0	f	m	[f:6,]	1.8977	451.744
