k	alpha	distribution	manager	thresholds	entropy	time
12	1.0	f	m	[f:3,]	1.86605	243.061
12	1.0	f	m	[f:6,]	1.86538	223.103
12	1.0	f	m	[f:9,]	1.86376	221.524
12	1.0	f	m	[n:0.3,]	1.9815	244.255
12	1.0	f	m	[n:0.4,]	1.97406	304.968
12	1.0	f	m	[n:0.5,]	1.92033	313.235
12	1.0	f	m	[c:0.01,]	1.97481	222.068
12	1.0	f	m	[c:0.05,]	1.97643	226.548
